ax1,ay1,az1
9.74481,0.117378,0.0958191
9.76157,0.0862372,0.114983
9.75439,0.112587,0.107797
9.75439,0.107797,0.0958191
9.77355,0.12696,0.110192
9.76876,0.117378,0.105401
9.73043,0.0934237,0.114983
9.77595,0.105401,0.122169
9.77116,0.117378,0.110192
9.76157,0.0862372,0.129356
9.77595,0.117378,0.0886327
9.77834,0.141333,0.0862372
9.77834,0.0862372,0.150915
9.75678,0.0982146,0.0982146
9.7496,0.0862372,0.134147
9.73762,0.0838417,0.122169
9.76876,0.0862372,0.0886327
9.77595,0.114983,0.0790508
9.7472,0.0862372,0.129356
9.7472,0.114983,0.112587
9.7496,0.107797,0.146124
9.75678,0.119774,0.124565
9.72325,0.114983,0.114983
9.7472,0.122169,0.0982146
9.74481,0.0862372,0.0958191
9.76876,0.0790508,0.105401
9.76157,0.0886327,0.103006
9.76637,0.136542,0.117378
9.74241,0.114983,0.110192
9.76876,0.103006,0.134147
9.77595,0.059887,0.143729
9.77355,0.0982146,0.131751
9.77834,0.107797,0.117378
9.76157,0.117378,0.12696
9.73762,0.0958191,0.0958191
9.75678,0.131751,0.0814463
9.76397,0.0958191,0.150915
9.77834,0.0766553,0.134147
9.79751,0.117378,0.141333
9.78793,0.0838417,0.117378
9.77834,0.0838417,0.138938
9.73283,0.0958191,0.122169
9.75439,0.107797,0.12696
9.77595,0.105401,0.0766553
9.79032,0.110192,0.129356
9.74481,0.0886327,0.110192
9.8023,0.0934237,0.12696
9.75678,0.112587,0.146124
9.76637,0.112587,0.0958191
9.80709,0.12696,0.129356
9.78074,0.0982146,0.143729
9.7472,0.105401,0.138938
9.79751,0.119774,0.0814463
9.75918,0.110192,0.143729
9.72804,0.198825,0.170079
9.75678,0.12696,0.12696
9.7496,0.103006,0.134147
9.77834,0.0622824,0.110192
9.7496,0.0958191,0.122169
9.7496,0.117378,0.110192
9.77355,0.0742598,0.0958191
9.76157,0.105401,0.138938
9.77355,0.138938,0.0958191
9.77355,0.160497,0.0790508
9.71846,0.107797,0.12696
9.74481,0.0646779,0.103006
9.7496,0.0718644,0.0886327
9.72564,0.146124,0.153311
9.73762,0.0838417,0.124565
9.78553,0.131751,0.0359322
9.6418,0.0838417,0.150915
9.81428,0.112587,0.103006
9.72325,0.146124,0.172474
9.75918,0.143729,0.0287457
9.72085,0.0670734,0.179661
9.7999,0.0622824,0.194034
9.9077,0.0263503,0.110192
9.85021,0.0383277,0.0167683
9.98435,0.0814463,-0.340158
9.82625,0.0718644,-0.0694689
9.6442,0.119774,0.0574915
9.70169,0.117378,0.0622824
9.92447,0.186847,0.114983
10.7222,-0.0622824,1.22169
9.82625,0.143729,0.0239548
9.78074,0.117378,0.153311
9.5891,0.182056,0.313808
9.78793,0.143729,0.141333
9.68252,0.186847,0.114983
9.91968,0.311412,-0.0407231
9.78553,0.229966,0.129356
9.86937,0.14852,0.0287457
9.55796,0.059887,1.08515
9.78553,0.170079,0.0263503
9.7496,0.0622824,0.112587
9.8526,0.112587,0.0958191
9.71127,0.124565,0.0766553
9.81428,0.186847,0.124565
9.82146,0.0119774,0.0838417
9.73283,0.00958191,0.00718644
9.13875,0.155706,1.47561
9.61785,-0.0143729,0.378486
9.75918,0.0622824,0.0694689
9.69211,-0.0359322,0.155706
9.77595,0.150915,0.0838417
9.73043,0.0934237,0.186847
9.75678,0.182056,-0.0239548
9.78553,0.107797,-0.103006
9.82386,0.0646779,0.0838417
9.77355,0.131751,0.0958191
9.73762,0.117378,0.110192
9.77116,0.119774,0.114983
9.77834,0.153311,0.0862372
9.77595,0.122169,0.114983
9.81188,0.134147,0.122169
9.78074,0.0934237,0.0287457
9.76157,0.0958191,0.122169
9.76397,0.0742598,0.134147
9.75918,0.131751,0.0239548
9.7496,0.0886327,0.122169
9.76637,0.103006,0.0934237
9.77595,0.105401,0.110192
9.77595,0.0622824,0.150915
9.79032,0.131751,0.0694689
9.7496,0.0479096,0.112587
9.7496,0.146124,0.0742598
9.78793,0.143729,0.055096
9.79511,0.110192,0.122169
9.77355,0.107797,0.117378
9.95321,-0.0191638,-0.0119774
9.75678,0.10061,0.0838417
9.76157,0.107797,0.0287457
9.75678,0.265898,-0.0263503
9.50526,-0.050305,0.24913
9.77355,-0.134147,-0.0455141
9.94363,0.215593,0.165288
10.2023,0.20122,0.210802
9.99633,0.0670734,0.768949
10.0442,-0.294644,1.28877
10.9857,-0.273085,1.66246
10.0969,-0.527005,1.92596
10.4539,-0.898304,1.87087
10.3485,-0.986937,1.54987
10.4155,-0.893514,1.91638
10.1952,-1.19534,2.07928
10.0395,-1.3223,2.19426
10.2311,-1.63851,2.12
9.80469,-1.9068,2.07928
9.7496,-1.71277,2.2757
9.4286,-1.70319,1.91399
9.40225,-1.83254,1.75109
9.13636,-1.76786,1.57622
9.19624,-1.81098,1.08755
9.24894,-1.46364,0.778531
9.28967,-1.67683,0.723435
9.25613,-1.5379,0.340158
9.11719,-1.19534,0.206011
9.14594,-1.66965,0.630011
9.30643,-1.55227,-0.0670734
9.38309,-1.71277,-0.273085
9.3783,-1.48041,-0.658757
9.26571,-1.19055,-0.94861
9.35913,-1.65528,-0.701875
9.36393,-1.40375,-1.12108
9.70887,-1.68642,-1.2696
9.60826,-1.66725,-1.36542
9.58431,-2.00981,-1.22649
9.60108,-2.38111,-0.982146
9.72804,-2.61107,-1.36782
9.54359,-2.47932,-1.08994
9.72325,-2.85301,-0.907886
9.49328,-2.93925,-1.08036
9.10042,-3.01591,-0.996519
9.2729,-3.31295,-1.00371
8.89681,-3.16203,-1.37021
9.01419,-2.76199,-1.82056
9.42381,-2.80031,-1.59778
9.62743,-2.57753,-2.15833
10.0682,-2.38829,-2.28289
10.4179,-2.54639,-2.48651
11.024,-2.33799,-2.58712
11.8385,-2.32841,-3.08777
11.9846,-2.52483,-3.08298
11.7163,-2.40266,-3.40637
11.8025,-2.48172,-3.53573
11.0072,-3.14526,-2.96321
10.4131,-3.69862,-3.09496
9.89812,-3.22431,-4.22802
9.36872,-3.97889,-3.51417
7.13613,-4.32384,-3.53333
4.83647,-4.70472,-2.97518
3.15964,-6.23543,-3.17401
1.36063,-6.81993,-2.30205
0.239548,-7.57211,-1.47801
-0.797694,-8.61654,-1.91638
-1.49478,-8.09911,-2.5967
-1.82056,-7.86436,-3.15005
-1.87326,-7.67511,-3.25785
-1.84691,-8.09432,-3.12849
-2.03616,-7.84998,-3.38002
-2.04095,-8.02246,-3.1261
-1.30554,-8.33147,-2.60389
-0.10061,-8.41771,-2.77396
-0.119774,-8.82015,-2.44818
1.2169,-9.20103,-1.75109
2.74761,-9.16031,-1.44926
3.36804,-9.25852,-1.29595
4.94427,-8.54946,-1.28398
5.42815,-7.02115,-1.19295
6.7816,-6.73848,0.371299
8.12307,-5.50002,0.182056
8.48479,-4.97541,-0.208407
9.69211,-4.49631,0.682711
10.7677,-4.40528,0.756971
11.6612,-4.65681,1.14983
11.4336,-4.69274,1.42052
10.5305,-4.14897,1.24086
10.5353,-3.9717,1.92596
10.1065,-3.83277,1.93555
9.51963,-3.98368,2.26133
8.92555,-3.45188,2.11042
8.97586,-3.22671,2.7021
9.41902,-3.31295,2.98716
10.1664,-2.65179,2.50088
11.1773,-2.21103,2.37631
11.4839,-1.51873,2.0146
11.7187,-1.51155,1.91878
11.9942,-1.29356,1.91399
11.7858,-0.85279,1.28877
12.0876,-0.94861,0.869559
12.1906,-1.69839,0.596474
11.4504,-1.68642,-0.0239548
10.3197,-1.66486,-0.330576
9.45495,-1.68402,-0.541378
9.14833,-2.46495,-0.529401
7.95059,-3.16203,-0.0359322
7.27986,-4.86522,2.6494
7.49545,-5.60302,2.93686
8.66924,-6.1971,3.31534
9.75678,-7.10259,3.14526
8.92555,-5.94797,0.812067
9.78313,-5.39941,0.0886327
9.6442,-4.36696,-0.55096
9.59868,-3.96691,-1.07317
9.65617,-4.12262,-2.20863
9.97956,-3.88786,-2.51286
9.86937,-4.46996,-3.11412
9.5915,-4.84366,-3.08298
8.80099,-5.28443,-3.30576
8.53749,-5.59823,-4.22323
8.22368,-6.02942,-4.1873
7.39484,-5.71801,-5.19579
6.21387,-5.47127,-5.39462
5.43055,-5.191,-5.3515
4.17532,-4.88199,-5.98391
2.77876,-4.49871,-6.49893
1.31751,-4.40528,-5.90965
-0.153311,-4.52266,-5.5623
-1.70798,-4.83168,-4.54901
-3.04465,-4.64723,-3.97889
-4.38133,-4.93229,-3.93577
-3.63155,-6.06535,-3.30097
-3.0734,-7.74219,-1.80859
-1.25523,-7.89071,-1.91159
1.26481,-8.82255,-1.43729
3.90703,-8.97825,-1.03006
5.64614,-8.75547,-0.129356
8.41771,-8.74829,0.438373
10.3317,-8.30752,0.656361
11.6061,-7.33016,0.728225
12.1571,-6.68818,1.3247
12.8086,-6.31688,0.716248
12.8134,-6.16357,0.246734
12.4086,-5.2988,0.709062
10.6455,-5.32036,0.445559
10.4371,-5.11674,-0.155706
8.50395,-4.53464,-0.12696
7.35172,-4.30707,-1.80859
6.75046,-4.37893,-1.47561
5.66531,-5.60302,-1.88524
5.35389,-5.32275,-2.37392
6.39353,-5.21496,-2.14874
6.93012,-5.75873,-2.05532
7.06187,-6.41509,-1.77026
6.79837,-5.75154,-1.97148
6.36,-5.00176,-1.62893
6.55403,-4.44601,-1.09713
8.90639,-4.25197,-1.24565
10.0323,-4.86761,-1.11869
11.448,-5.57907,-0.220384
11.3761,-6.39832,-0.172474
11.7187,-7.25111,0.862372
11.0983,-7.84759,0.962982
10.5449,-8.56384,1.08276
10.1233,-8.82015,1.2696
8.97825,-9.10521,1.06838
8.05839,-8.93513,0.0287457
7.00677,-8.60216,-0.27548
6.06535,-8.80817,-0.337762
5.11914,-9.38069,-0.4767
4.23042,-9.63222,-0.294644
3.42074,-9.88135,-0.160497
2.35236,-9.61306,-0.189243
0.641988,-8.30033,-1.40135
-2.12239,-5.81383,-2.19665
-4.64244,-3.90942,-3.11412
-6.94449,-2.78834,-3.26743
-8.02006,-1.94273,-3.74892
-7.91466,-2.18947,-4.17532
-6.68099,-2.82666,-3.94775
-5.88569,-3.78965,-3.89984
-4.90354,-4.89157,-2.93446
-3.61957,-5.51918,-0.960587
-1.60737,-7.34933,0.150915
-0.27548,-7.48347,1.34865
2.42902,-8.35064,0.785717
6.29292,-9.4837,1.18337
8.97825,-9.72564,0.641988
11.5702,-9.63461,2.56556
13.3021,-8.56384,3.32732
14.2723,-7.64637,3.00872
14.5717,-6.98522,1.85889
12.7224,-6.42228,1.41333
10.9785,-5.59344,1.03245
9.62503,-4.69753,0.457536
8.93274,-4.71191,-0.55096
9.02377,-4.75023,-1.19055
8.36501,-4.15855,-2.15593
7.96497,-3.7082,-2.92727
7.2559,-4.1849,-2.88655
6.38874,-4.29749,-3.32492
5.79706,-4.06513,-3.33211
5.69166,-5.55991,-1.26242
5.68687,-7.48347,-0.270689
5.95756,-7.79489,0.701875
6.20189,-8.82734,0.771344
5.2461,-8.41532,0.828836
6.41749,-7.33975,-0.289853
6.58278,-6.96126,-0.0143729
7.03552,-6.79358,0.55096
9.18427,-6.5157,-0.299435
9.40944,-7.07145,-0.356926
10.7317,-7.67032,0.424
11.1821,-7.80207,-0.0359322
11.769,-8.55186,0.366508
11.5199,-9.34476,0.838417
10.4515,-9.43339,-0.184452
8.6884,-9.37351,-0.244339
7.09062,-8.93993,-0.749785
5.59105,-7.96976,-1.28637
3.83037,-7.81884,-1.59539
2.52723,-8.3698,-1.44926
1.06359,-7.79968,-1.55227
-0.764158,-6.66183,-2.88655
-2.7045,-4.74305,-3.59322
-4.5562,-2.99195,-4.33342
-6.49893,-1.98106,-3.93817
-8.04402,-1.8014,-3.4974
-8.71475,-2.01939,-2.78115
-7.87394,-3.16922,-2.29247
-6.44384,-4.79335,-1.76307
-4.37175,-6.15878,-0.977355
-2.30205,-7.00677,0.182056
0.0431186,-8.39615,1.1642
3.58124,-9.40944,1.19055
7.32058,-10.2047,1.61934
10.6743,-9.70408,1.31512
13.2781,-8.73631,1.56904
14.7514,-7.81166,1.44208
15.5131,-6.20908,0.510237
14.5214,-5.14549,-0.050305
13.0889,-4.63286,-0.433582
11.6396,-3.75371,-0.644384
10.7054,-3.46147,-1.21211
9.51724,-4.16574,0.0311412
9.17708,-3.76809,-1.15223
8.48958,-3.85193,-1.25044
7.24153,-4.7694,-0.479096
5.62219,-5.92881,1.07557
5.09997,-7.35172,2.26612
4.65202,-8.65965,2.9656
4.23042,-8.04641,2.17509
4.07471,-7.02354,0.606056
4.10825,-6.95887,1.25763
5.90246,-6.25939,0.744994
7.90029,-5.46169,-0.251525
9.55796,-6.47019,0.69948
11.1342,-7.13134,0.843208
11.7283,-7.92664,0.903095
11.8145,-8.95909,1.14504
11.7378,-10.0562,2.23019
11.0887,-10.6599,2.18228
10.4419,-10.8803,1.71516
8.92076,-10.3485,1.5355
6.84149,-9.84542,1.35345
4.20167,-9.68252,0.761762
2.4913,-8.95909,0.4767
0.170079,-7.16488,0.474305
-2.35715,-4.83647,-1.08036
-4.99457,-2.27331,-2.02897
-6.91575,-0.673129,-3.0734
-7.21039,-0.306621,-2.98716
-7.03792,-1.88045,-2.51286
-6.18273,-3.94296,-0.857581
-4.26635,-6.54205,0.414418
-1.89961,-8.02725,1.55227
1.22169,-9.57233,1.66965
5.92641,-9.71606,0.050305
9.59629,-8.42969,0.77374
12.9356,-6.68818,-0.141333
15.0125,-3.75611,-1.42291
15.7024,-1.47561,-2.71168
13.9081,-0.364113,-3.20036
10.8707,-0.356926,-3.28899
9.29206,-0.9007,-2.22061
8.33147,-1.51873,-0.701875
7.01636,-1.89482,-0.634802
7.56971,-2.24935,0.373695
8.583,-3.13808,-0.0479096
8.01048,-3.14047,1.38938
9.09803,-2.72126,0.891118
9.84063,-2.2254,0.0886327
10.7892,-2.01939,0.462327
11.5294,-2.23019,-0.0694689
11.1342,-1.63611,-0.668339
10.8228,-1.44208,-0.512632
10.6958,-0.807276,-0.958191
9.84781,-0.304226,-1.29835
10.2479,0.253921,-0.857581
10.6814,0.215593,-1.90441
10.1976,0.821649,-1.07797
10.1353,0.850395,-0.548565
9.99154,0.294644,-0.45035
9.855,0.340158,-0.198825
10.0251,0.10061,0.397649
9.88854,-0.182056,-0.0119774
9.39986,0.0335367,-0.316203
9.48849,-0.40244,0.709062
9.50286,-0.182056,-0.0670734
9.66576,0.723435,0.0886327
9.95321,0.356926,0.984542
9.35913,-0.30183,0.697084
9.77116,-0.182056,1.61455
8.78182,-0.759367,1.02766
8.65486,0.546169,0.196429
9.47412,0.0215593,0.359322
9.84063,-0.481491,0.622824
9.92207,0.0311412,0.325785
9.83104,0.225175,-0.110192
9.78553,0.184452,0.155706
9.41902,0.119774,-0.0958191
9.78074,-0.0119774,0.213198
10.2838,0.136542,-0.136542
10.0083,0.105401,0.311412
9.22259,-0.646779,-0.505446
9.71846,-0.0910282,0.435977
9.79032,0.0742598,-0.256316
9.75678,0.579706,-0.0167683
9.76637,-0.0934237,0.412022
9.79032,0.138938,0.0982146
9.78074,0.162893,0.0742598
9.75439,0.055096,0.225175
9.77116,0.124565,0.153311
9.77595,0.129356,0.131751
9.76876,0.0862372,0.107797
9.7472,0.0982146,0.107797
9.76397,0.0982146,0.124565
9.78313,0.114983,0.122169
9.78793,0.0622824,0.103006
9.74481,0.0982146,0.153311
9.78074,0.129356,0.105401
9.79511,0.114983,0.0742598
9.73762,0.10061,0.0958191
9.74481,0.0958191,0.103006
9.78313,0.0982146,0.129356
9.78313,0.107797,0.0958191
9.76157,0.0766553,0.10061
9.76637,0.0958191,0.0958191
9.77834,0.131751,0.160497
9.79511,0.0982146,0.122169
9.76637,0.129356,0.114983
9.73283,0.0910282,0.122169
9.77595,0.112587,0.122169
9.79511,0.131751,0.0838417
9.72325,0.0958191,0.0958191
9.75439,0.103006,0.131751
9.78793,0.136542,0.131751
9.7496,0.107797,0.0694689
9.76637,0.0958191,0.114983
9.77116,0.0910282,0.129356
9.79751,0.114983,0.0862372
9.77595,0.050305,0.12696
9.77116,0.124565,0.122169
9.77834,0.112587,0.0958191
9.75918,0.112587,0.167683
9.74241,0.143729,0.0934237
9.76397,0.119774,0.12696
9.77355,0.103006,0.114983
9.7496,0.124565,0.112587
9.78793,0.105401,0.0742598
9.76397,0.122169,0.0718644
9.75678,0.117378,0.110192
9.77595,0.0886327,0.122169
9.79272,0.141333,0.146124
9.77595,0.0982146,0.136542
9.77595,0.0718644,0.122169
9.77834,0.131751,0.114983
9.73283,0.0814463,0.0886327
9.75918,0.105401,0.122169
9.7496,0.105401,0.0838417
9.80709,0.110192,0.110192
9.7472,0.107797,0.103006
9.74241,0.0982146,0.117378
9.76157,0.110192,0.0814463
9.76637,0.0982146,0.146124
9.7496,0.103006,0.122169
9.78313,0.122169,0.0790508
9.77595,0.117378,0.117378
9.78074,0.0862372,0.0886327
9.7496,0.0814463,0.146124
9.75678,0.0958191,0.122169
9.76637,0.131751,0.12696
9.7496,0.122169,0.131751
9.77834,0.110192,0.143729
9.78074,0.0862372,0.0958191
9.7496,0.0982146,0.110192
9.77595,0.129356,0.0886327
9.77355,0.105401,0.129356
9.77834,0.122169,0.0694689
9.81188,0.110192,0.124565
9.76876,0.136542,0.129356
9.82386,0.107797,0.103006
9.80709,0.162893,0.103006
9.76397,0.10061,0.0862372
9.75678,0.0790508,0.0982146
9.82146,0.0934237,0.0934237
9.7496,0.0814463,0.122169
9.77834,0.0886327,0.107797
9.74241,0.0862372,0.0790508
9.73762,0.107797,0.117378
9.77355,0.114983,0.0958191
9.77116,0.12696,0.124565
9.76157,0.119774,0.103006
9.78793,0.131751,0.138938
9.7496,0.10061,0.129356
9.79272,0.10061,0.143729
9.73283,0.0982146,0.0862372
9.74241,0.0838417,0.124565
9.75918,0.117378,0.117378
9.72564,0.0934237,0.136542
9.77355,0.117378,0.117378
9.76397,0.0934237,0.146124
9.76397,0.0982146,0.122169
9.73762,0.103006,0.122169
9.78313,0.131751,0.117378
9.75439,0.122169,0.146124
9.78553,0.0982146,0.10061
9.75678,0.0862372,0.110192
9.76876,0.0982146,0.136542
9.76876,0.0862372,0.0838417
9.79751,0.119774,0.12696
9.75678,0.110192,0.117378
9.75918,0.124565,0.0886327
9.74481,0.131751,0.114983
9.77834,0.103006,0.10061
9.77834,0.117378,0.10061
9.74241,0.117378,0.110192
9.77595,0.0742598,0.112587
9.77116,0.117378,0.10061
9.78793,0.0814463,0.129356
9.7496,0.105401,0.103006
9.79511,0.0910282,0.122169
9.77355,0.0982146,0.0838417
9.76397,0.10061,0.122169
9.79751,0.114983,0.0838417
9.77834,0.124565,0.0838417
9.77116,0.0790508,0.122169
9.77116,0.0982146,0.146124
9.78074,0.0958191,0.0886327
9.78553,0.103006,0.143729
9.75918,0.0982146,0.114983
9.73762,0.119774,0.0838417
9.74481,0.0982146,0.124565
9.77595,0.112587,0.0694689
9.76637,0.112587,0.114983
9.73043,0.0982146,0.105401
9.75678,0.122169,0.141333
9.77355,0.129356,0.0718644
9.76157,0.131751,0.117378
9.76157,0.112587,0.122169
9.74241,0.0862372,0.0167683
9.7496,0.141333,0.153311
9.76397,0.110192,0.122169
9.76876,0.117378,0.12696
9.7496,0.136542,0.124565
9.75678,0.0982146,0.0934237
9.79511,0.0838417,0.114983
9.7472,0.10061,0.103006
9.78553,0.0982146,0.110192
9.79272,0.0982146,0.129356
9.75678,0.134147,0.122169
9.76876,0.0982146,0.0838417
9.77116,0.112587,0.112587
9.76157,0.119774,0.114983
9.76637,0.0934237,0.114983
9.78313,0.117378,0.10061
9.75678,0.117378,0.114983
9.78074,0.114983,0.0790508
9.76397,0.0910282,0.131751
9.76397,0.134147,0.122169
9.77595,0.112587,0.10061
9.74241,0.0982146,0.138938
9.77355,0.0982146,0.0958191
9.6945,0.0742598,0.0862372
9.79032,0.112587,0.107797
9.78313,0.105401,0.105401
9.76876,0.122169,0.131751
9.74241,0.0958191,0.122169
9.78074,0.122169,0.0982146
9.70887,0.107797,0.0934237
9.77355,0.114983,0.105401
9.76397,0.0910282,0.0958191
9.75678,0.0718644,0.112587
9.75678,0.0862372,0.0742598
9.78793,0.141333,0.0958191
9.78553,0.105401,0.124565
9.76397,0.0886327,0.189243
9.79511,0.136542,0.105401
9.77116,0.0862372,0.0934237
9.79511,0.10061,0.122169
9.78793,0.117378,0.114983
9.77834,0.117378,0.122169
9.75678,0.122169,0.107797
9.75918,0.0982146,0.114983
9.75439,0.129356,0.117378
9.71127,0.119774,0.0958191
9.77355,0.0742598,0.117378
9.76157,0.0862372,0.0958191
9.76157,0.0982146,0.0958191
9.75678,0.134147,0.153311
9.79032,0.0814463,0.122169
9.7496,0.12696,0.134147
9.77116,0.107797,0.138938
9.77116,0.110192,0.0694689
9.72085,0.141333,0.122169
9.75678,0.0982146,0.105401
9.78074,0.0862372,0.0766553
9.76637,0.0982146,0.124565
9.76876,0.119774,0.0934237
9.77355,0.124565,0.131751
9.7472,0.146124,0.136542
9.78313,0.10061,0.12696
9.76637,0.143729,0.0886327
9.79032,0.122169,0.105401
9.77355,0.0862372,0.107797
9.71127,0.0838417,0.0886327
9.77116,0.0982146,0.055096
9.78793,0.155706,0.0958191
9.7496,0.0838417,0.129356
9.75678,0.110192,0.114983
9.75678,0.105401,0.122169
9.74481,0.103006,0.131751
9.75918,0.114983,0.0766553
9.74481,0.112587,0.114983
9.77116,0.112587,0.105401
9.73043,0.119774,0.131751
9.77595,0.131751,0.117378
9.76637,0.0790508,0.124565
9.75439,0.107797,0.0790508
9.7472,0.129356,0.0790508
9.75678,0.122169,0.107797
9.74481,0.0982146,0.143729
9.79032,0.10061,0.141333
9.74481,0.141333,0.12696
9.73762,0.0958191,0.0982146
9.8023,0.105401,0.0958191
9.77355,0.119774,0.0934237
9.76876,0.129356,0.122169
9.78553,0.107797,0.0886327
9.76876,0.114983,0.0934237
9.76637,0.0958191,0.110192
9.73762,0.112587,0.12696
9.7496,0.0862372,0.0886327
